{
  "stats": {
    "taxi": {
      "volt1": {
        "mean": -0.8041767477989197,
        "std": 0.28610488772392273
      },
      "amp1": {
        "mean": -0.3061119019985199,
        "std": 0.517125129699707
      },
      "amp2": {
        "mean": -0.05342462286353111,
        "std": 1.0
      },
      "FQtyL": {
        "mean": -1.6572917699813843,
        "std": 0.609976053237915
      },
      "FQtyR": {
        "mean": -1.4038920402526855,
        "std": 0.5170308351516724
      },
      "E1 FFlow": {
        "mean": -1.457371473312378,
        "std": 1.0
      },
      "E1 OilT": {
        "mean": -1.593785047531128,
        "std": 0.17409668862819672
      },
      "E1 OilP": {
        "mean": -2.226494789123535,
        "std": 0.010570097714662552
      },
      "E1 RPM": {
        "mean": -1.9609349966049194,
        "std": 1.0
      },
      "E1 CHT1": {
        "mean": -1.6144788265228271,
        "std": 0.08466056734323502
      },
      "E1 CHT2": {
        "mean": -1.5827425718307495,
        "std": 0.04903862997889519
      },
      "E1 CHT3": {
        "mean": -1.5301933288574219,
        "std": 0.04727572202682495
      },
      "E1 CHT4": {
        "mean": -1.4523491859436035,
        "std": 0.044924937188625336
      },
      "E1 EGT1": {
        "mean": -1.4165256023406982,
        "std": 0.018165091052651405
      },
      "E1 EGT2": {
        "mean": -1.370502233505249,
        "std": 0.017727237194776535
      },
      "E1 EGT3": {
        "mean": -1.400118112564087,
        "std": 0.017925426363945007
      },
      "E1 EGT4": {
        "mean": -1.3870491981506348,
        "std": 0.017778972163796425
      },
      "OAT": {
        "mean": -0.4951043725013733,
        "std": 0.2437489926815033
      },
      "IAS": {
        "mean": -1.1094090938568115,
        "std": 0.005726885050535202
      },
      "VSpd": {
        "mean": 0.058829572051763535,
        "std": 0.08733950555324554
      },
      "NormAc": {
        "mean": -0.08867767453193665,
        "std": 0.0015162822091951966
      },
      "AltMSL": {
        "mean": -1.2107335329055786,
        "std": 0.0066582756116986275
      },
      "CHT_spread": {
        "mean": -0.42564085125923157,
        "std": 0.12192615866661072
      },
      "CHT_mean": {
        "mean": -1.6109910011291504,
        "std": 0.05257203429937363
      },
      "CHT4_minus_CHT1": {
        "mean": -0.004482408054172993,
        "std": 0.11157969385385513
      },
      "EGT_spread": {
        "mean": -0.7496296763420105,
        "std": 0.004154594149440527
      },
      "EGT_mean": {
        "mean": -1.3958369493484497,
        "std": 0.017928054556250572
      },
      "EGT_CHT_divergence": {
        "mean": -2.3741774559020996,
        "std": 0.018238607794046402
      },
      "FQty_imbalance": {
        "mean": 0.8701189160346985,
        "std": 0.07040382921695709
      }
    },
    "takeoff": {
      "volt1": {
        "mean": 1.2244387865066528,
        "std": 0.04419063404202461
      },
      "amp1": {
        "mean": 0.05182882770895958,
        "std": 0.8536258935928345
      },
      "amp2": {
        "mean": -0.05828830599784851,
        "std": 1.250943899154663
      },
      "FQtyL": {
        "mean": 0.7730424404144287,
        "std": 0.610323965549469
      },
      "FQtyR": {
        "mean": 0.9607595205307007,
        "std": 0.46243295073509216
      },
      "E1 FFlow": {
        "mean": 0.3774842321872711,
        "std": 1.3341871500015259
      },
      "E1 OilT": {
        "mean": 1.027567982673645,
        "std": 0.2897792160511017
      },
      "E1 OilP": {
        "mean": 0.957392692565918,
        "std": 0.4229266047477722
      },
      "E1 RPM": {
        "mean": 0.45879092812538147,
        "std": 0.7136997580528259
      },
      "E1 CHT1": {
        "mean": 0.7965987920761108,
        "std": 0.3305602967739105
      },
      "E1 CHT2": {
        "mean": 0.7068804502487183,
        "std": 0.526809573173523
      },
      "E1 CHT3": {
        "mean": 0.7313168048858643,
        "std": 0.5125297904014587
      },
      "E1 CHT4": {
        "mean": 0.7481504082679749,
        "std": 0.5042684674263
      },
      "E1 EGT1": {
        "mean": 0.9107466340065002,
        "std": 0.2812515199184418
      },
      "E1 EGT2": {
        "mean": 0.897283673286438,
        "std": 0.2850966453552246
      },
      "E1 EGT3": {
        "mean": 0.921828031539917,
        "std": 0.27260416746139526
      },
      "E1 EGT4": {
        "mean": 0.9215865135192871,
        "std": 0.26360461115837097
      },
      "OAT": {
        "mean": 0.0240336861461401,
        "std": 1.1591742038726807
      },
      "IAS": {
        "mean": 0.5505399703979492,
        "std": 0.34154731035232544
      },
      "VSpd": {
        "mean": -0.11269784718751907,
        "std": 1.407357096672058
      },
      "NormAc": {
        "mean": 0.038427893072366714,
        "std": 1.201480746269226
      },
      "AltMSL": {
        "mean": -0.48873233795166016,
        "std": 0.13484777510166168
      },
      "CHT_spread": {
        "mean": 0.09907075017690659,
        "std": 0.8645508289337158
      },
      "CHT_mean": {
        "mean": 0.7785255908966064,
        "std": 0.43970897793769836
      },
      "CHT4_minus_CHT1": {
        "mean": 0.07104893773794174,
        "std": 0.897091805934906
      },
      "EGT_spread": {
        "mean": 0.2609339952468872,
        "std": 1.0434597730636597
      },
      "EGT_mean": {
        "mean": 0.9144375920295715,
        "std": 0.26705724000930786
      },
      "EGT_CHT_divergence": {
        "mean": 0.6738269925117493,
        "std": 0.44499629735946655
      },
      "FQty_imbalance": {
        "mean": -0.27145031094551086,
        "std": 1.130184531211853
      }
    },
    "cruise": {
      "volt1": {
        "mean": 1.2317683696746826,
        "std": 0.017114371061325073
      },
      "amp1": {
        "mean": 0.07983751595020294,
        "std": 0.46014583110809326
      },
      "amp2": {
        "mean": 0.0231487937271595,
        "std": 0.8231264352798462
      },
      "FQtyL": {
        "mean": 0.8037716150283813,
        "std": 0.6736611723899841
      },
      "FQtyR": {
        "mean": 0.9362032413482666,
        "std": 0.5205841660499573
      },
      "E1 FFlow": {
        "mean": 0.692924439907074,
        "std": 0.7044640779495239
      },
      "E1 OilT": {
        "mean": 1.133918046951294,
        "std": 0.27226120233535767
      },
      "E1 OilP": {
        "mean": 1.189806342124939,
        "std": 0.23716942965984344
      },
      "E1 RPM": {
        "mean": 1.0939785242080688,
        "std": 0.3884921669960022
      },
      "E1 CHT1": {
        "mean": 1.1269731521606445,
        "std": 0.34454596042633057
      },
      "E1 CHT2": {
        "mean": 0.9388927817344666,
        "std": 0.6710216999053955
      },
      "E1 CHT3": {
        "mean": 0.9681652784347534,
        "std": 0.6609819531440735
      },
      "E1 CHT4": {
        "mean": 0.9724396467208862,
        "std": 0.645892322063446
      },
      "E1 EGT1": {
        "mean": 1.183214783668518,
        "std": 0.24441546201705933
      },
      "E1 EGT2": {
        "mean": 1.1681585311889648,
        "std": 0.2505533695220947
      },
      "E1 EGT3": {
        "mean": 1.186094880104065,
        "std": 0.2362728863954544
      },
      "E1 EGT4": {
        "mean": 1.1824228763580322,
        "std": 0.23231206834316254
      },
      "OAT": {
        "mean": -0.058293599635362625,
        "std": 1.031361699104309
      },
      "IAS": {
        "mean": 1.2145559787750244,
        "std": 0.3280722498893738
      },
      "VSpd": {
        "mean": 0.002009887248277664,
        "std": 1.0801852941513062
      },
      "NormAc": {
        "mean": 0.04214821755886078,
        "std": 1.152714729309082
      },
      "AltMSL": {
        "mean": 0.8382088541984558,
        "std": 0.9373055100440979
      },
      "CHT_spread": {
        "mean": 0.23390844464302063,